BEGIN TRANSACTION;
CREATE TABLE IF NOT EXISTS "category" (
	"id"	INTEGER NOT NULL,
	"name"	VARCHAR(30) NOT NULL,
	UNIQUE("name"),
	PRIMARY KEY("id")
);
CREATE TABLE IF NOT EXISTS "addproduct" (
	"id"	INTEGER NOT NULL,
	"name"	VARCHAR(80) NOT NULL,
	"price"	NUMERIC(10, 2) NOT NULL,
	"discount"	INTEGER,
	"stock"	INTEGER NOT NULL,
	"pub_date"	DATETIME NOT NULL,
	"category_id"	INTEGER NOT NULL,
	"image"	VARCHAR(150) NOT NULL,
	FOREIGN KEY("category_id") REFERENCES "category"("id"),
	PRIMARY KEY("id")
);
CREATE TABLE IF NOT EXISTS "customer_order" (
	"id"	INTEGER NOT NULL,
	"invoice"	VARCHAR(20) NOT NULL,
	"status"	VARCHAR(20) NOT NULL,
	"customer_id"	INTEGER NOT NULL,
	"date_created"	DATETIME NOT NULL,
	"orders"	TEXT,
	UNIQUE("invoice"),
	PRIMARY KEY("id")
);
CREATE TABLE IF NOT EXISTS "customer" (
	"id"	INTEGER NOT NULL,
	"name"	VARCHAR(50),
	"username"	VARCHAR(50),
	"email"	VARCHAR(50),
	"password"	VARCHAR(150),
	"date_created"	DATETIME NOT NULL,
	UNIQUE("email"),
	UNIQUE("username"),
	PRIMARY KEY("id")
);
CREATE TABLE IF NOT EXISTS "admin" (
	"id"	INTEGER NOT NULL,
	"name"	VARCHAR(30) NOT NULL,
	"username"	VARCHAR(80) NOT NULL,
	"password"	VARCHAR(180) NOT NULL,
	"email"	VARCHAR(120) NOT NULL,
	UNIQUE("username"),
	UNIQUE("email"),
	PRIMARY KEY("id")
);
INSERT INTO "category" ("id","name") VALUES (1,'Bí quyết cuộc sống'),
 (2,'Chính trị'),
 (3,'Địa lý'),
 (4,'Hóa học'),
 (5,'Khoa học'),
 (6,'Kinh tế'),
 (7,'Lịch sử'),
 (8,'Ngoại ngữ'),
 (9,'Ôn thi CĐ-ĐH'),
 (10,'Tâm lý'),
 (11,'Tin Học'),
 (12,'Toán Học'),
 (13,'Văn Học'),
 (14,'Vật lý'),
 (15,'Y học');
INSERT INTO "addproduct" ("id","name","price","discount","stock","pub_date","category_id","image") VALUES (1,'Trải nghiệm và khát vọng cuộc sống',1123,10,124,'2022-12-27 02:22:26.515159',1,'62069dde5b4e57b7a13c.jpg'),
 (2,'Tìm lại chính mình',42000,0,18,'2022-12-27 06:57:53.768874',1,'2f7a2c79fe90ed821cc5.jpg'),
 (3,'Tìm lại giá trị cuộc sống',26000,0,40,'2022-12-27 06:58:29.620489',1,'948e2a7a91a8ec09207e.jpg'),
 (4,'Sứ mệnh yêu thương',40000,0,26,'2022-12-27 06:58:56.334554',1,'f6b74a0ce09cd18ef0aa.jpg'),
 (5,'Con sẽ làm được',23000,0,100,'2022-12-27 06:59:21.241329',1,'13d321556ebf22020774.jpg'),
 (6,'Triết học Phương Đông',23000,0,56,'2022-12-27 06:59:50.841402',2,'d9bb1c321bd97f56e489.jpg'),
 (7,'Mắt bão - Những năm tháng của tôi tại CIA',144000,0,10,'2022-12-27 07:00:14.286669',2,'c7cbdd47f34b2e4311a5.jpg'),
 (8,'11Võ Văn Kiệt - Đổi mới, bản lĩnh và sáng tạo',55000,0,34,'2022-12-27 07:00:36.915894',2,'14c2ea7c971385bb5997.jpg'),
 (9,'Các trường phái triết học',110000,0,15,'2022-12-27 07:01:02.140545',2,'c8d4d848c1c64a1bef0e.jpg'),
 (10,'Chủ nghĩa Mac-Lênin bàn về TN và công tác TN',14000,0,40,'2022-12-27 07:01:26.564284',2,'c3fb03d370aae59b0f2b.jpg'),
 (11,'Bản đồ địa lý thế giới',34000,0,30,'2022-12-27 07:02:19.017242',3,'01baa8a017215e4459eb.jpg'),
 (12,'Địa lý hành chính Việt Nam',30000,0,10,'2022-12-27 07:02:40.190598',3,'728dbb2f67f664a39d56.jpg'),
 (13,'Ôn tập để học tốt địa lý 11',20000,0,40,'2022-12-27 07:03:02.787124',3,'16128d12768201d59853.jpg'),
 (14,'Đổi mới phương pháp dạy học và kiểm tra địa lý 10',27000,0,26,'2022-12-27 07:03:21.741354',3,'b797fb43580eadfd6ad1.jpg'),
 (15,'Atlat địa lý Việt Nam',19000,0,500,'2022-12-27 07:03:39.956786',3,'6a6390905d7b6277a63d.jpg'),
 (16,'Hoá học đại cương',36000,0,200,'2022-12-27 07:04:11.135081',4,'4260e9113fd626136688.jpg'),
 (17,'Hoá học 12 nâng cao',24000,0,330,'2022-12-27 07:04:29.146851',4,'90d343c2610a352f7d07.jpg'),
 (18,'Hướng dẫn sử dụng hiệu quả hoá 12 nâng cao',36000,0,400,'2022-12-27 07:04:49.676683',4,'ac3120f979f183b8c068.jpg'),
 (19,'Từ điển tường giải kinh tế thị trường xã hội',165000,0,7,'2022-12-27 07:05:16.388886',6,'83be242571d7b2793b20.jpg'),
 (20,'Nguồn gốc của khủng hoảng tài chính',55000,0,50,'2022-12-27 07:05:37.721436',6,'61b3a8fe1e8b1a6314dd.jpg'),
 (21,'Vượt qua khủng hoảng kinh tế',39000,0,48,'2022-12-27 07:05:57.909516',6,'eff896072732f154f31e.jpg'),
 (22,'Hồ Sơ Nội Bộ',65000,0,36,'2022-12-27 07:06:25.242547',5,'dd0b7d1d47a524239058.jpg'),
 (23,'Sách của bạn tôi',48000,0,29,'2022-12-27 07:06:47.269689',5,'b846c31c6f0ea7033416.jpg'),
 (24,'Thắm sắc hoa đào',42000,0,68,'2022-12-27 07:07:05.559390',5,'208a9e7335f7e89b24a7.jpg'),
 (25,'Từ điển nhân vật lịch sử Việt Nam',78000,0,34,'2022-12-27 07:07:26.984478',7,'71b7136d8cd93989e1cc.jpg'),
 (26,'Chiếc áo Bác Hồ',24000,0,60,'2022-12-27 07:07:43.961506',7,'4696a9ab76c95eaa9109.jpg'),
 (27,'Thời thanh niên của Bác Hồ',25500,0,29,'2022-12-27 07:08:02.803220',7,'7cf5121ec409eeca1072.jpg'),
 (28,'Vật lý đại cương',34000,0,57,'2022-12-27 07:08:38.011434',14,'5fc4df292da7a5fef584.jpg'),
 (29,'Phương pháp luyện thi môn vật lý',23000,0,87,'2022-12-27 07:08:55.136884',14,'5661d0577cbbad7c601d.jpg'),
 (30,'Hoc tốt vật lý 12',20000,0,90,'2022-12-27 07:09:10.625972',14,'49cb378845ec9bea088a.jpg'),
 (31,'Oxford',97000,0,30,'2022-12-27 07:09:33.632635',8,'407231f6a94da23e9b6f.jpg'),
 (32,'Oxford Wordpower Dictionary with CD-ROM',180000,0,50,'2022-12-27 07:09:58.356544',8,'91502321a1249b6b363d.jpg'),
 (33,'Giáo trình tiếng anh khoa học máy tính',78000,0,28,'2022-12-27 07:10:19.243662',8,'af8233756b22e3296fdd.jpg'),
 (34,'Đề thi tuyển sinh địa lý',25000,0,100,'2022-12-27 07:10:47.976221',9,'2619ec474a4ab433d2de.jpg'),
 (35,'Tuyển chọn những bài ôn luyện thi CĐ-ĐH môn địa lý',18000,0,50,'2022-12-27 07:11:07.829465',9,'c1f9036450690bf2c824.jpg'),
 (36,'Ôn thi tốt nghiệp THPT-CĐ-ĐH môn Tiếng Anh',34000,0,40,'2022-12-27 07:11:23.519679',9,'5ce6c1c5816ed71e4ab7.jpg'),
 (37,'Tâm lý làm sáng của trẻ em Việt Nam',34000,0,50,'2022-12-27 07:11:43.850829',10,'7e6077a8fba204f5f0fb.jpg'),
 (38,'Tư vấn tâm lý căn bản',23000,0,30,'2022-12-27 07:12:06.523362',10,'42f4607bfae0ea496b6d.jpg'),
 (39,'Tâm lý học',56000,0,34,'2022-12-27 07:12:28.736756',10,'3b658d925af3b2e1b389.jpg'),
 (40,'Cấu trúc dữ liệu và giải thuật',30000,0,40,'2022-12-27 07:12:54.893690',11,'9287a483fd5d00923710.jpg'),
 (41,'Nâng Cấp Bảo Trì Và Xử Lý Phần Cứng Máy Tính tập 2',45000,0,200,'2022-12-27 07:13:16.700312',11,'cd954d45f697c8dbccea.jpg'),
 (42,'Nâng Cấp Bảo Trì Và Xử Lý Phần Cứng Máy Tính tập 1',45000,0,100,'2022-12-27 07:13:33.798111',11,'83bf0990548f66baeb24.jpg'),
 (43,'Giải tích',25000,0,10,'2022-12-27 07:13:56.118875',12,'6c524dfbc519487f8d67.jpg'),
 (44,'Toán hình giải tích 12',32000,0,39,'2022-12-27 07:14:15.277226',12,'77e57e2fc7fd742e72c8.jpg'),
 (45,'Cẩm Nang Toán Giải Tích',30000,0,100,'2022-12-27 07:14:36.304846',12,'948178baddd11ce6805d.jpg'),
 (46,'Chuyện chưa biết về nhà văn Nam Cao',35000,0,101,'2022-12-27 07:14:53.016550',13,'99d66bb3f9af3c2f4862.jpg'),
 (47,'Tắt Đèn 1',23000,0,23,'2022-12-27 07:15:15.549155',13,'5d3988d5aee694426e8c.jpg'),
 (48,'Thằng mõ trâu',27000,0,69,'2022-12-27 07:15:36.639553',13,'5ecb5097b69c9bbb876d.jpg'),
 (49,'Tỏi với sức khỏe con người',26000,0,35,'2022-12-27 07:16:00.704372',15,'b516de010c297cfbbebf.jpg'),
 (50,'Bệnh tiền liệt tuyến giải pháp dự phòng-điều trị',18000,0,340,'2022-12-27 07:16:18.682005',15,'105cae07d5a751be012a.jpg'),
 (51,'Cách ăn uống phòng bệnh ung thư',42000,0,56,'2022-12-27 07:16:34.220489',15,'cc01554cb9a033fa5b19.jpg');
INSERT INTO "customer_order" ("id","invoice","status","customer_id","date_created","orders") VALUES (1,'4b5a7f73cb','Pending',1,'2022-12-27 02:57:57.401246','{"1": {"discount": 0, "image": "62069dde5b4e57b7a13c.jpg", "name": "Tr\u1ea3i nghi\u1ec7m v\u00e0 kh\u00e1t v\u1ecdng cu\u1ed9c s\u1ed1ng", "price": 1123.0, "quantity": 1}}'),
 (2,'8d3285b8a8','Pending',1,'2022-12-27 07:19:18.867522','{"1": {"discount": 0, "image": "62069dde5b4e57b7a13c.jpg", "name": "Tr\u1ea3i nghi\u1ec7m v\u00e0 kh\u00e1t v\u1ecdng cu\u1ed9c s\u1ed1ng", "price": 1123.0, "quantity": 2}, "2": {"discount": 0, "image": "2f7a2c79fe90ed821cc5.jpg", "name": "T\u00ecm l\u1ea1i ch\u00ednh m\u00ecnh", "price": 42000.0, "quantity": 1}, "3": {"discount": 0, "image": "948e2a7a91a8ec09207e.jpg", "name": "T\u00ecm l\u1ea1i gi\u00e1 tr\u1ecb cu\u1ed9c s\u1ed1ng", "price": 26000.0, "quantity": 1}}'),
 (3,'3a42eed82d','Pending',1,'2022-12-27 07:41:37.461985','{"1": {"discount": 10, "image": "62069dde5b4e57b7a13c.jpg", "name": "Tr\u1ea3i nghi\u1ec7m v\u00e0 kh\u00e1t v\u1ecdng cu\u1ed9c s\u1ed1ng", "price": 1123.0, "quantity": 1}}'),
 (4,'807f4c112c','Pending',1,'2023-01-03 13:16:18.174147','{"1": {"discount": 10, "image": "62069dde5b4e57b7a13c.jpg", "name": "Tr\u1ea3i nghi\u1ec7m v\u00e0 kh\u00e1t v\u1ecdng cu\u1ed9c s\u1ed1ng", "price": 1123.0, "quantity": 2}, "2": {"discount": 0, "image": "2f7a2c79fe90ed821cc5.jpg", "name": "T\u00ecm l\u1ea1i ch\u00ednh m\u00ecnh", "price": 42000.0, "quantity": 1}}'),
 (5,'ac6dc079f4','Pending',1,'2023-01-03 14:51:35.612469','{"1": {"discount": 10, "image": "62069dde5b4e57b7a13c.jpg", "name": "Tr\u1ea3i nghi\u1ec7m v\u00e0 kh\u00e1t v\u1ecdng cu\u1ed9c s\u1ed1ng", "price": 1123.0, "quantity": 1}, "2": {"discount": 0, "image": "2f7a2c79fe90ed821cc5.jpg", "name": "T\u00ecm l\u1ea1i ch\u00ednh m\u00ecnh", "price": 42000.0, "quantity": 1}}');
INSERT INTO "customer" ("id","name","username","email","password","date_created") VALUES (1,'Hieu','hieu','nguyenduchieu112001@gmail.com','$2b$12$0Asv6TJ.TOG3UiwI142i9eTEKwzHee2QSJRD3qmCTjCOrrUT/KtuG','2023-01-03 13:41:32.887240'),
 (2,'Long','long','long123@gmail.com','$2b$12$Q4WDAgJWJIxBSQ1EjNNO8OUavO6GjsGeWqis5buXx7pakY74btTUG','2023-01-03 14:21:51.215609');
INSERT INTO "admin" ("id","name","username","password","email") VALUES (1,'Hieu','hieu','$2b$12$0Asv6TJ.TOG3UiwI142i9eTEKwzHee2QSJRD3qmCTjCOrrUT/KtuG','nguyenduchieu112001@gmail.com'),
 (2,'Long','long','$2b$12$ySieVgK4LkTXZ6t.gEren.HGzwMBdYexBfhpx8Ez7CFpilrEjk0A2','long123@gmail.com');
COMMIT;
